{"3": {"bus_id": 3, "time": 5144, "energy_needed": 247.23608550708832, "timestamp": 1776418646.4946618}}